"Data Source","World Development Indicators",

"Last Updated Date","2019-03-21",

"Country Name","Country Code","Indicator Name","Indicator Code","1960","1961","1962","1963","1964","1965","1966","1967","1968","1969","1970","1971","1972","1973","1974","1975","1976","1977","1978","1979","1980","1981","1982","1983","1984","1985","1986","1987","1988","1989","1990","1991","1992","1993","1994","1995","1996","1997","1998","1999","2000","2001","2002","2003","2004","2005","2006","2007","2008","2009","2010","2011","2012","2013","2014","2015","2016","2017","2018",
"Aruba","ABW","Terrestrial protected areas (% of total land area)","ER.LND.PTLD.ZS","","","","","","","","","","","","","","","","","","","","","","","","","","","","","","","","","","","","","","","","","","","","","","","","","","","","","","","","","0.53","18.9175762600279","",
"Afghanistan","AFG","Terrestrial protected areas (% of total land area)","ER.LND.PTLD.ZS","","","","","","","","","","","","","","","","","","","","","","","","","","","","","","","","","","","","","","","","","","","","","","","","","","","","","","","","","0.1","0.104707034792812","",
"Angola","AGO","Terrestrial protected areas (% of total land area)","ER.LND.PTLD.ZS","","","","","","","","","","","","","","","","","","","","","","","","","","","","","","","","","","","","","","","","","","","","","","","","","","","","","","","","","6.97","6.97142669594584","",
"Albania","ALB","Terrestrial protected areas (% of total land area)","ER.LND.PTLD.ZS","","","","","","","","","","","","","","","","","","","","","","","","","","","","","","","","","","","","","","","","","","","","","","","","","","","","","","","","","17.21","17.7360953122157","",
"Andorra","AND","Terrestrial protected areas (% of total land area)","ER.LND.PTLD.ZS","","","","","","","","","","","","","","","","","","","","","","","","","","","","","","","","","","","","","","","","","","","","","","","","","","","","","","","","","21.19","26.7277247815139","",
"Arab World","ARB","Terrestrial protected areas (% of total land area)","ER.LND.PTLD.ZS","","","","","","","","","","","","","","","","","","","","","","","","","","","","","","","","","","","","","","","","","","","","","","","","","","","","","","","","","5.37798083497847","5.78735181553645","",
"United Arab Emirates","ARE","Terrestrial protected areas (% of total land area)","ER.LND.PTLD.ZS","","","","","","","","","","","","","","","","","","","","","","","","","","","","","","","","","","","","","","","","","","","","","","","","","","","","","","","","","13.07","17.9549206384619","",
"Argentina","ARG","Terrestrial protected areas (% of total land area)","ER.LND.PTLD.ZS","","","","","","","","","","","","","","","","","","","","","","","","","","","","","","","","","","","","","","","","","","","","","","","","","","","","","","","","","8.89","8.80825141581955","",
"Armenia","ARM","Terrestrial protected areas (% of total land area)","ER.LND.PTLD.ZS","","","","","","","","","","","","","","","","","","","","","","","","","","","","","","","","","","","","","","","","","","","","","","","","","","","","","","","","","23.11","23.1105028060216","",
"American Samoa","ASM","Terrestrial protected areas (% of total land area)","ER.LND.PTLD.ZS","","","","","","","","","","","","","","","","","","","","","","","","","","","","","","","","","","","","","","","","","","","","","","","","","","","","","","","","","4.27","15.8477447307274","",
"Antigua and Barbuda","ATG","Terrestrial protected areas (% of total land area)","ER.LND.PTLD.ZS","","","","","","","","","","","","","","","","","","","","","","","","","","","","","","","","","","","","","","","","","","","","","","","","","","","","","","","","","19.33","18.5696736890488","",
"Australia","AUS","Terrestrial protected areas (% of total land area)","ER.LND.PTLD.ZS","","","","","","","","","","","","","","","","","","","","","","","","","","","","","","","","","","","","","","","","","","","","","","","","","","","","","","","","","16.98","19.2656223071572","",
"Austria","AUT","Terrestrial protected areas (% of total land area)","ER.LND.PTLD.ZS","","","","","","","","","","","","","","","","","","","","","","","","","","","","","","","","","","","","","","","","","","","","","","","","","","","","","","","","","28.44","28.397981655605","",
"Azerbaijan","AZE","Terrestrial protected areas (% of total land area)","ER.LND.PTLD.ZS","","","","","","","","","","","","","","","","","","","","","","","","","","","","","","","","","","","","","","","","","","","","","","","","","","","","","","","","","10.15","10.1551256208372","",
"Burundi","BDI","Terrestrial protected areas (% of total land area)","ER.LND.PTLD.ZS","","","","","","","","","","","","","","","","","","","","","","","","","","","","","","","","","","","","","","","","","","","","","","","","","","","","","","","","","7.59","7.5914717058788","",
"Belgium","BEL","Terrestrial protected areas (% of total land area)","ER.LND.PTLD.ZS","","","","","","","","","","","","","","","","","","","","","","","","","","","","","","","","","","","","","","","","","","","","","","","","","","","","","","","","","23.21","23.293342934656","",
"Benin","BEN","Terrestrial protected areas (% of total land area)","ER.LND.PTLD.ZS","","","","","","","","","","","","","","","","","","","","","","","","","","","","","","","","","","","","","","","","","","","","","","","","","","","","","","","","","28.87","29.6233712049703","",
"Burkina Faso","BFA","Terrestrial protected areas (% of total land area)","ER.LND.PTLD.ZS","","","","","","","","","","","","","","","","","","","","","","","","","","","","","","","","","","","","","","","","","","","","","","","","","","","","","","","","","15.08","14.9228805539331","",
"Bangladesh","BGD","Terrestrial protected areas (% of total land area)","ER.LND.PTLD.ZS","","","","","","","","","","","","","","","","","","","","","","","","","","","","","","","","","","","","","","","","","","","","","","","","","","","","","","","","","4.61","4.60596281196676","",
"Bulgaria","BGR","Terrestrial protected areas (% of total land area)","ER.LND.PTLD.ZS","","","","","","","","","","","","","","","","","","","","","","","","","","","","","","","","","","","","","","","","","","","","","","","","","","","","","","","","","34.69","34.7035801172141","",
"Bahrain","BHR","Terrestrial protected areas (% of total land area)","ER.LND.PTLD.ZS","","","","","","","","","","","","","","","","","","","","","","","","","","","","","","","","","","","","","","","","","","","","","","","","","","","","","","","","","6.7","6.62174781265092","",
"Bahamas, The","BHS","Terrestrial protected areas (% of total land area)","ER.LND.PTLD.ZS","","","","","","","","","","","","","","","","","","","","","","","","","","","","","","","","","","","","","","","","","","","","","","","","","","","","","","","","","31.2","36.6336475275265","",
"Bosnia and Herzegovina","BIH","Terrestrial protected areas (% of total land area)","ER.LND.PTLD.ZS","","","","","","","","","","","","","","","","","","","","","","","","","","","","","","","","","","","","","","","","","","","","","","","","","","","","","","","","","1.45","1.39550157071326","",
"Belarus","BLR","Terrestrial protected areas (% of total land area)","ER.LND.PTLD.ZS","","","","","","","","","","","","","","","","","","","","","","","","","","","","","","","","","","","","","","","","","","","","","","","","","","","","","","","","","9.51","9.35349335261769","",
"Belize","BLZ","Terrestrial protected areas (% of total land area)","ER.LND.PTLD.ZS","","","","","","","","","","","","","","","","","","","","","","","","","","","","","","","","","","","","","","","","","","","","","","","","","","","","","","","","","37.68","37.6793655671877","",
"Bermuda","BMU","Terrestrial protected areas (% of total land area)","ER.LND.PTLD.ZS","","","","","","","","","","","","","","","","","","","","","","","","","","","","","","","","","","","","","","","","","","","","","","","","","","","","","","","","","5.52","2.07991902345745","",
"Bolivia","BOL","Terrestrial protected areas (% of total land area)","ER.LND.PTLD.ZS","","","","","","","","","","","","","","","","","","","","","","","","","","","","","","","","","","","","","","","","","","","","","","","","","","","","","","","","","30.87","30.8654914952936","",
"Brazil","BRA","Terrestrial protected areas (% of total land area)","ER.LND.PTLD.ZS","","","","","","","","","","","","","","","","","","","","","","","","","","","","","","","","","","","","","","","","","","","","","","","","","","","","","","","","","28.94","29.4196676737717","",
"Barbados","BRB","Terrestrial protected areas (% of total land area)","ER.LND.PTLD.ZS","","","","","","","","","","","","","","","","","","","","","","","","","","","","","","","","","","","","","","","","","","","","","","","","","","","","","","","","","1.35","1.27010819350234","",
"Brunei Darussalam","BRN","Terrestrial protected areas (% of total land area)","ER.LND.PTLD.ZS","","","","","","","","","","","","","","","","","","","","","","","","","","","","","","","","","","","","","","","","","","","","","","","","","","","","","","","","","46.87","46.87211976066","",
"Bhutan","BTN","Terrestrial protected areas (% of total land area)","ER.LND.PTLD.ZS","","","","","","","","","","","","","","","","","","","","","","","","","","","","","","","","","","","","","","","","","","","","","","","","","","","","","","","","","48.01","48.0078510451913","",
"Botswana","BWA","Terrestrial protected areas (% of total land area)","ER.LND.PTLD.ZS","","","","","","","","","","","","","","","","","","","","","","","","","","","","","","","","","","","","","","","","","","","","","","","","","","","","","","","","","29.14","29.1432374214093","",
"Central African Republic","CAF","Terrestrial protected areas (% of total land area)","ER.LND.PTLD.ZS","","","","","","","","","","","","","","","","","","","","","","","","","","","","","","","","","","","","","","","","","","","","","","","","","","","","","","","","","18.06","18.0648242198926","",
"Canada","CAN","Terrestrial protected areas (% of total land area)","ER.LND.PTLD.ZS","","","","","","","","","","","","","","","","","","","","","","","","","","","","","","","","","","","","","","","","","","","","","","","","","","","","","","","","","9.69","9.68557393581083","",
"Central Europe and the Baltics","CEB","Terrestrial protected areas (% of total land area)","ER.LND.PTLD.ZS","","","","","","","","","","","","","","","","","","","","","","","","","","","","","","","","","","","","","","","","","","","","","","","","","","","","","","","","","30.0718955207289","30.1655309499109","",
"Switzerland","CHE","Terrestrial protected areas (% of total land area)","ER.LND.PTLD.ZS","","","","","","","","","","","","","","","","","","","","","","","","","","","","","","","","","","","","","","","","","","","","","","","","","","","","","","","","","9.65","9.66518426119506","",
"Channel Islands","CHI","Terrestrial protected areas (% of total land area)","ER.LND.PTLD.ZS","","","","","","","","","","","","","","","","","","","","","","","","","","","","","","","","","","","","","","","","","","","","","","","","","","","","","","","","","","","",
"Chile","CHL","Terrestrial protected areas (% of total land area)","ER.LND.PTLD.ZS","","","","","","","","","","","","","","","","","","","","","","","","","","","","","","","","","","","","","","","","","","","","","","","","","","","","","","","","","18.4","18.4944542424793","",
"China","CHN","Terrestrial protected areas (% of total land area)","ER.LND.PTLD.ZS","","","","","","","","","","","","","","","","","","","","","","","","","","","","","","","","","","","","","","","","","","","","","","","","","","","","","","","","","17.08","15.449041955767","",
"Cote d'Ivoire","CIV","Terrestrial protected areas (% of total land area)","ER.LND.PTLD.ZS","","","","","","","","","","","","","","","","","","","","","","","","","","","","","","","","","","","","","","","","","","","","","","","","","","","","","","","","","22.88","22.8846634839832","",
"Cameroon","CMR","Terrestrial protected areas (% of total land area)","ER.LND.PTLD.ZS","","","","","","","","","","","","","","","","","","","","","","","","","","","","","","","","","","","","","","","","","","","","","","","","","","","","","","","","","10.6","10.6005464149767","",
"Congo, Dem. Rep.","COD","Terrestrial protected areas (% of total land area)","ER.LND.PTLD.ZS","","","","","","","","","","","","","","","","","","","","","","","","","","","","","","","","","","","","","","","","","","","","","","","","","","","","","","","","","12.7","13.8332604673993","",
"Congo, Rep.","COG","Terrestrial protected areas (% of total land area)","ER.LND.PTLD.ZS","","","","","","","","","","","","","","","","","","","","","","","","","","","","","","","","","","","","","","","","","","","","","","","","","","","","","","","","","40.59","40.7380367837893","",
"Colombia","COL","Terrestrial protected areas (% of total land area)","ER.LND.PTLD.ZS","","","","","","","","","","","","","","","","","","","","","","","","","","","","","","","","","","","","","","","","","","","","","","","","","","","","","","","","","14.16","14.8069558212089","",
"Comoros","COM","Terrestrial protected areas (% of total land area)","ER.LND.PTLD.ZS","","","","","","","","","","","","","","","","","","","","","","","","","","","","","","","","","","","","","","","","","","","","","","","","","","","","","","","","","10.17","10.1514342727337","",
"Cabo Verde","CPV","Terrestrial protected areas (% of total land area)","ER.LND.PTLD.ZS","","","","","","","","","","","","","","","","","","","","","","","","","","","","","","","","","","","","","","","","","","","","","","","","","","","","","","","","","2.6","2.89524038891919","",
"Costa Rica","CRI","Terrestrial protected areas (% of total land area)","ER.LND.PTLD.ZS","","","","","","","","","","","","","","","","","","","","","","","","","","","","","","","","","","","","","","","","","","","","","","","","","","","","","","","","","27.6","27.6026953211753","",
"Caribbean small states","CSS","Terrestrial protected areas (% of total land area)","ER.LND.PTLD.ZS","","","","","","","","","","","","","","","","","","","","","","","","","","","","","","","","","","","","","","","","","","","","","","","","","","","","","","","","","13.6508563415251","13.8223398502535","",
"Cuba","CUB","Terrestrial protected areas (% of total land area)","ER.LND.PTLD.ZS","","","","","","","","","","","","","","","","","","","","","","","","","","","","","","","","","","","","","","","","","","","","","","","","","","","","","","","","","16.55","16.5532324654921","",
"Curacao","CUW","Terrestrial protected areas (% of total land area)","ER.LND.PTLD.ZS","","","","","","","","","","","","","","","","","","","","","","","","","","","","","","","","","","","","","","","","","","","","","","","","","","","","","","","","","15.52","15.4623806987241","",
"Cayman Islands","CYM","Terrestrial protected areas (% of total land area)","ER.LND.PTLD.ZS","","","","","","","","","","","","","","","","","","","","","","","","","","","","","","","","","","","","","","","","","","","","","","","","","","","","","","","","","10.72","10.7627698356687","",
"Cyprus","CYP","Terrestrial protected areas (% of total land area)","ER.LND.PTLD.ZS","","","","","","","","","","","","","","","","","","","","","","","","","","","","","","","","","","","","","","","","","","","","","","","","","","","","","","","","","18.65","18.6504409036147","",
"Czech Republic","CZE","Terrestrial protected areas (% of total land area)","ER.LND.PTLD.ZS","","","","","","","","","","","","","","","","","","","","","","","","","","","","","","","","","","","","","","","","","","","","","","","","","","","","","","","","","21.69","22.1556760039807","",
"Germany","DEU","Terrestrial protected areas (% of total land area)","ER.LND.PTLD.ZS","","","","","","","","","","","","","","","","","","","","","","","","","","","","","","","","","","","","","","","","","","","","","","","","","","","","","","","","","37.68","37.7519230162364","",
"Djibouti","DJI","Terrestrial protected areas (% of total land area)","ER.LND.PTLD.ZS","","","","","","","","","","","","","","","","","","","","","","","","","","","","","","","","","","","","","","","","","","","","","","","","","","","","","","","","","1.57","1.57464592463938","",
"Dominica","DMA","Terrestrial protected areas (% of total land area)","ER.LND.PTLD.ZS","","","","","","","","","","","","","","","","","","","","","","","","","","","","","","","","","","","","","","","","","","","","","","","","","","","","","","","","","22.06","21.9868244583373","",
"Denmark","DNK","Terrestrial protected areas (% of total land area)","ER.LND.PTLD.ZS","","","","","","","","","","","","","","","","","","","","","","","","","","","","","","","","","","","","","","","","","","","","","","","","","","","","","","","","","17.56","18.1020211937511","",
"Dominican Republic","DOM","Terrestrial protected areas (% of total land area)","ER.LND.PTLD.ZS","","","","","","","","","","","","","","","","","","","","","","","","","","","","","","","","","","","","","","","","","","","","","","","","","","","","","","","","","23.02","26.2367518845671","",
"Algeria","DZA","Terrestrial protected areas (% of total land area)","ER.LND.PTLD.ZS","","","","","","","","","","","","","","","","","","","","","","","","","","","","","","","","","","","","","","","","","","","","","","","","","","","","","","","","","7.5","7.49506002830462","",
"East Asia & Pacific (excluding high income)","EAP","Terrestrial protected areas (% of total land area)","ER.LND.PTLD.ZS","","","","","","","","","","","","","","","","","","","","","","","","","","","","","","","","","","","","","","","","","","","","","","","","","","","","","","","","","15.4882065070942","14.5608194744692","",
"Early-demographic dividend","EAR","Terrestrial protected areas (% of total land area)","ER.LND.PTLD.ZS","","","","","","","","","","","","","","","","","","","","","","","","","","","","","","","","","","","","","","","","","","","","","","","","","","","","","","","","","12.7767186422689","12.6698431444452","",
"East Asia & Pacific","EAS","Terrestrial protected areas (% of total land area)","ER.LND.PTLD.ZS","","","","","","","","","","","","","","","","","","","","","","","","","","","","","","","","","","","","","","","","","","","","","","","","","","","","","","","","","16.2205403309258","16.4797419952758","",
"Europe & Central Asia (excluding high income)","ECA","Terrestrial protected areas (% of total land area)","ER.LND.PTLD.ZS","","","","","","","","","","","","","","","","","","","","","","","","","","","","","","","","","","","","","","","","","","","","","","","","","","","","","","","","","8.54489518349847","8.55929728180663","",
"Europe & Central Asia","ECS","Terrestrial protected areas (% of total land area)","ER.LND.PTLD.ZS","","","","","","","","","","","","","","","","","","","","","","","","","","","","","","","","","","","","","","","","","","","","","","","","","","","","","","","","","11.6388364020259","11.6703385482116","",
"Ecuador","ECU","Terrestrial protected areas (% of total land area)","ER.LND.PTLD.ZS","","","","","","","","","","","","","","","","","","","","","","","","","","","","","","","","","","","","","","","","","","","","","","","","","","","","","","","","","20.03","21.6861189348777","",
"Egypt, Arab Rep.","EGY","Terrestrial protected areas (% of total land area)","ER.LND.PTLD.ZS","","","","","","","","","","","","","","","","","","","","","","","","","","","","","","","","","","","","","","","","","","","","","","","","","","","","","","","","","13.14","13.1360553831375","",
"Euro area","EMU","Terrestrial protected areas (% of total land area)","ER.LND.PTLD.ZS","","","","","","","","","","","","","","","","","","","","","","","","","","","","","","","","","","","","","","","","","","","","","","","","","","","","","","","","","25.7934901577278","25.8034395155863","",
"Eritrea","ERI","Terrestrial protected areas (% of total land area)","ER.LND.PTLD.ZS","","","","","","","","","","","","","","","","","","","","","","","","","","","","","","","","","","","","","","","","","","","","","","","","","","","","","","","","","4.87","4.87239093903435","",
"Spain","ESP","Terrestrial protected areas (% of total land area)","ER.LND.PTLD.ZS","","","","","","","","","","","","","","","","","","","","","","","","","","","","","","","","","","","","","","","","","","","","","","","","","","","","","","","","","28.02","28.0656336491221","",
"Estonia","EST","Terrestrial protected areas (% of total land area)","ER.LND.PTLD.ZS","","","","","","","","","","","","","","","","","","","","","","","","","","","","","","","","","","","","","","","","","","","","","","","","","","","","","","","","","20.18","20.2184748207416","",
"Ethiopia","ETH","Terrestrial protected areas (% of total land area)","ER.LND.PTLD.ZS","","","","","","","","","","","","","","","","","","","","","","","","","","","","","","","","","","","","","","","","","","","","","","","","","","","","","","","","","18.47","18.4749603066502","",
"European Union","EUU","Terrestrial protected areas (% of total land area)","ER.LND.PTLD.ZS","","","","","","","","","","","","","","","","","","","","","","","","","","","","","","","","","","","","","","","","","","","","","","","","","","","","","","","","","25.8434545887781","25.9404663191041","",
"Fragile and conflict affected situations","FCS","Terrestrial protected areas (% of total land area)","ER.LND.PTLD.ZS","","","","","","","","","","","","","","","","","","","","","","","","","","","","","","","","","","","","","","","","","","","","","","","","","","","","","","","","","10.5262820467204","11.2116357493342","",
"Finland","FIN","Terrestrial protected areas (% of total land area)","ER.LND.PTLD.ZS","","","","","","","","","","","","","","","","","","","","","","","","","","","","","","","","","","","","","","","","","","","","","","","","","","","","","","","","","14.94","15.0232916032633","",
"Fiji","FJI","Terrestrial protected areas (% of total land area)","ER.LND.PTLD.ZS","","","","","","","","","","","","","","","","","","","","","","","","","","","","","","","","","","","","","","","","","","","","","","","","","","","","","","","","","5.4","5.41119687502089","",
"France","FRA","Terrestrial protected areas (% of total land area)","ER.LND.PTLD.ZS","","","","","","","","","","","","","","","","","","","","","","","","","","","","","","","","","","","","","","","","","","","","","","","","","","","","","","","","","26.03","25.7919660039","",
"Faroe Islands","FRO","Terrestrial protected areas (% of total land area)","ER.LND.PTLD.ZS","","","","","","","","","","","","","","","","","","","","","","","","","","","","","","","","","","","","","","","","","","","","","","","","","","","","","","","","","2.34","2.32909328433195","",
"Micronesia, Fed. Sts.","FSM","Terrestrial protected areas (% of total land area)","ER.LND.PTLD.ZS","","","","","","","","","","","","","","","","","","","","","","","","","","","","","","","","","","","","","","","","","","","","","","","","","","","","","","","","","4.28","0.0491628404366948","",
"Gabon","GAB","Terrestrial protected areas (% of total land area)","ER.LND.PTLD.ZS","","","","","","","","","","","","","","","","","","","","","","","","","","","","","","","","","","","","","","","","","","","","","","","","","","","","","","","","","20.14","22.4427560590428","",
"United Kingdom","GBR","Terrestrial protected areas (% of total land area)","ER.LND.PTLD.ZS","","","","","","","","","","","","","","","","","","","","","","","","","","","","","","","","","","","","","","","","","","","","","","","","","","","","","","","","","28.24","28.683437277978","",
"Georgia","GEO","Terrestrial protected areas (% of total land area)","ER.LND.PTLD.ZS","","","","","","","","","","","","","","","","","","","","","","","","","","","","","","","","","","","","","","","","","","","","","","","","","","","","","","","","","8.33","8.33359715447386","",
"Ghana","GHA","Terrestrial protected areas (% of total land area)","ER.LND.PTLD.ZS","","","","","","","","","","","","","","","","","","","","","","","","","","","","","","","","","","","","","","","","","","","","","","","","","","","","","","","","","15.06","15.0573797984075","",
"Gibraltar","GIB","Terrestrial protected areas (% of total land area)","ER.LND.PTLD.ZS","","","","","","","","","","","","","","","","","","","","","","","","","","","","","","","","","","","","","","","","","","","","","","","","","","","","","","","","","26.67","32.4234218176205","",
"Guinea","GIN","Terrestrial protected areas (% of total land area)","ER.LND.PTLD.ZS","","","","","","","","","","","","","","","","","","","","","","","","","","","","","","","","","","","","","","","","","","","","","","","","","","","","","","","","","30.68","35.6461939863954","",
"Gambia, The","GMB","Terrestrial protected areas (% of total land area)","ER.LND.PTLD.ZS","","","","","","","","","","","","","","","","","","","","","","","","","","","","","","","","","","","","","","","","","","","","","","","","","","","","","","","","","4.11","4.10736207362125","",
"Guinea-Bissau","GNB","Terrestrial protected areas (% of total land area)","ER.LND.PTLD.ZS","","","","","","","","","","","","","","","","","","","","","","","","","","","","","","","","","","","","","","","","","","","","","","","","","","","","","","","","","16.66","16.662653555347","",
"Equatorial Guinea","GNQ","Terrestrial protected areas (% of total land area)","ER.LND.PTLD.ZS","","","","","","","","","","","","","","","","","","","","","","","","","","","","","","","","","","","","","","","","","","","","","","","","","","","","","","","","","19.27","19.2667589536442","",
"Greece","GRC","Terrestrial protected areas (% of total land area)","ER.LND.PTLD.ZS","","","","","","","","","","","","","","","","","","","","","","","","","","","","","","","","","","","","","","","","","","","","","","","","","","","","","","","","","34.96","35.2163408633262","",
"Grenada","GRD","Terrestrial protected areas (% of total land area)","ER.LND.PTLD.ZS","","","","","","","","","","","","","","","","","","","","","","","","","","","","","","","","","","","","","","","","","","","","","","","","","","","","","","","","","9.37","9.77750817324608","",
"Greenland","GRL","Terrestrial protected areas (% of total land area)","ER.LND.PTLD.ZS","","","","","","","","","","","","","","","","","","","","","","","","","","","","","","","","","","","","","","","","","","","","","","","","","","","","","","","","","41.12","41.1536023513172","",
"Guatemala","GTM","Terrestrial protected areas (% of total land area)","ER.LND.PTLD.ZS","","","","","","","","","","","","","","","","","","","","","","","","","","","","","","","","","","","","","","","","","","","","","","","","","","","","","","","","","31.75","20.0478790782543","",
"Guam","GUM","Terrestrial protected areas (% of total land area)","ER.LND.PTLD.ZS","","","","","","","","","","","","","","","","","","","","","","","","","","","","","","","","","","","","","","","","","","","","","","","","","","","","","","","","","21.92","22.4691376782389","",
"Guyana","GUY","Terrestrial protected areas (% of total land area)","ER.LND.PTLD.ZS","","","","","","","","","","","","","","","","","","","","","","","","","","","","","","","","","","","","","","","","","","","","","","","","","","","","","","","","","8.74","8.73748680882895","",
"High income","HIC","Terrestrial protected areas (% of total land area)","ER.LND.PTLD.ZS","","","","","","","","","","","","","","","","","","","","","","","","","","","","","","","","","","","","","","","","","","","","","","","","","","","","","","","","","14.044182522552","14.6350581067207","",
"Hong Kong SAR, China","HKG","Terrestrial protected areas (% of total land area)","ER.LND.PTLD.ZS","","","","","","","","","","","","","","","","","","","","","","","","","","","","","","","","","","","","","","","","","","","","","","","","","","","","","","","","","41.9","41.8836803684402","",
"Honduras","HND","Terrestrial protected areas (% of total land area)","ER.LND.PTLD.ZS","","","","","","","","","","","","","","","","","","","","","","","","","","","","","","","","","","","","","","","","","","","","","","","","","","","","","","","","","28.44","23.8855522578119","",
"Heavily indebted poor countries (HIPC)","HPC","Terrestrial protected areas (% of total land area)","ER.LND.PTLD.ZS","","","","","","","","","","","","","","","","","","","","","","","","","","","","","","","","","","","","","","","","","","","","","","","","","","","","","","","","","17.3187805790658","18.1911116718826","",
"Croatia","HRV","Terrestrial protected areas (% of total land area)","ER.LND.PTLD.ZS","","","","","","","","","","","","","","","","","","","","","","","","","","","","","","","","","","","","","","","","","","","","","","","","","","","","","","","","","38.11","38.2536302140039","",
"Haiti","HTI","Terrestrial protected areas (% of total land area)","ER.LND.PTLD.ZS","","","","","","","","","","","","","","","","","","","","","","","","","","","","","","","","","","","","","","","","","","","","","","","","","","","","","","","","","0.27","1.9498829806779","",
"Hungary","HUN","Terrestrial protected areas (% of total land area)","ER.LND.PTLD.ZS","","","","","","","","","","","","","","","","","","","","","","","","","","","","","","","","","","","","","","","","","","","","","","","","","","","","","","","","","22.6","22.5975581595624","",
"IBRD only","IBD","Terrestrial protected areas (% of total land area)","ER.LND.PTLD.ZS","","","","","","","","","","","","","","","","","","","","","","","","","","","","","","","","","","","","","","","","","","","","","","","","","","","","","","","","","14.599978791485","14.4044481010499","",
"IDA & IBRD total","IBT","Terrestrial protected areas (% of total land area)","ER.LND.PTLD.ZS","","","","","","","","","","","","","","","","","","","","","","","","","","","","","","","","","","","","","","","","","","","","","","","","","","","","","","","","","14.7305731973135","14.7245644514092","",
"IDA total","IDA","Terrestrial protected areas (% of total land area)","ER.LND.PTLD.ZS","","","","","","","","","","","","","","","","","","","","","","","","","","","","","","","","","","","","","","","","","","","","","","","","","","","","","","","","","15.1097631303224","15.6788007467632","",
"IDA blend","IDB","Terrestrial protected areas (% of total land area)","ER.LND.PTLD.ZS","","","","","","","","","","","","","","","","","","","","","","","","","","","","","","","","","","","","","","","","","","","","","","","","","","","","","","","","","14.8947802704695","14.9852428000614","",
"Indonesia","IDN","Terrestrial protected areas (% of total land area)","ER.LND.PTLD.ZS","","","","","","","","","","","","","","","","","","","","","","","","","","","","","","","","","","","","","","","","","","","","","","","","","","","","","","","","","11.87","12.1656963637972","",
"IDA only","IDX","Terrestrial protected areas (% of total land area)","ER.LND.PTLD.ZS","","","","","","","","","","","","","","","","","","","","","","","","","","","","","","","","","","","","","","","","","","","","","","","","","","","","","","","","","15.1797691042699","15.9126914651158","",
"Isle of Man","IMN","Terrestrial protected areas (% of total land area)","ER.LND.PTLD.ZS","","","","","","","","","","","","","","","","","","","","","","","","","","","","","","","","","","","","","","","","","","","","","","","","","","","","","","","","","3.78","3.72176999077853","",
"India","IND","Terrestrial protected areas (% of total land area)","ER.LND.PTLD.ZS","","","","","","","","","","","","","","","","","","","","","","","","","","","","","","","","","","","","","","","","","","","","","","","","","","","","","","","","","5.97","5.96651940171319","",
"Not classified","INX","Terrestrial protected areas (% of total land area)","ER.LND.PTLD.ZS","","","","","","","","","","","","","","","","","","","","","","","","","","","","","","","","","","","","","","","","","","","","","","","","","","","","","","","","","","","",
"Ireland","IRL","Terrestrial protected areas (% of total land area)","ER.LND.PTLD.ZS","","","","","","","","","","","","","","","","","","","","","","","","","","","","","","","","","","","","","","","","","","","","","","","","","","","","","","","","","14.44","14.4412618535015","",
"Iran, Islamic Rep.","IRN","Terrestrial protected areas (% of total land area)","ER.LND.PTLD.ZS","","","","","","","","","","","","","","","","","","","","","","","","","","","","","","","","","","","","","","","","","","","","","","","","","","","","","","","","","8.61","8.61413274206963","",
"Iraq","IRQ","Terrestrial protected areas (% of total land area)","ER.LND.PTLD.ZS","","","","","","","","","","","","","","","","","","","","","","","","","","","","","","","","","","","","","","","","","","","","","","","","","","","","","","","","","1.54","1.53341211794309","",
"Iceland","ISL","Terrestrial protected areas (% of total land area)","ER.LND.PTLD.ZS","","","","","","","","","","","","","","","","","","","","","","","","","","","","","","","","","","","","","","","","","","","","","","","","","","","","","","","","","17.44","18.15153229479","",
"Israel","ISR","Terrestrial protected areas (% of total land area)","ER.LND.PTLD.ZS","","","","","","","","","","","","","","","","","","","","","","","","","","","","","","","","","","","","","","","","","","","","","","","","","","","","","","","","","19.94","19.9465990771498","",
"Italy","ITA","Terrestrial protected areas (% of total land area)","ER.LND.PTLD.ZS","","","","","","","","","","","","","","","","","","","","","","","","","","","","","","","","","","","","","","","","","","","","","","","","","","","","","","","","","21.51","21.5390596088817","",
"Jamaica","JAM","Terrestrial protected areas (% of total land area)","ER.LND.PTLD.ZS","","","","","","","","","","","","","","","","","","","","","","","","","","","","","","","","","","","","","","","","","","","","","","","","","","","","","","","","","15.91","15.916513533077","",
"Jordan","JOR","Terrestrial protected areas (% of total land area)","ER.LND.PTLD.ZS","","","","","","","","","","","","","","","","","","","","","","","","","","","","","","","","","","","","","","","","","","","","","","","","","","","","","","","","","1.73","1.77057864219415","",
"Japan","JPN","Terrestrial protected areas (% of total land area)","ER.LND.PTLD.ZS","","","","","","","","","","","","","","","","","","","","","","","","","","","","","","","","","","","","","","","","","","","","","","","","","","","","","","","","","19.36","29.3875386330145","",
"Kazakhstan","KAZ","Terrestrial protected areas (% of total land area)","ER.LND.PTLD.ZS","","","","","","","","","","","","","","","","","","","","","","","","","","","","","","","","","","","","","","","","","","","","","","","","","","","","","","","","","3.28","3.3120856618332","",
"Kenya","KEN","Terrestrial protected areas (% of total land area)","ER.LND.PTLD.ZS","","","","","","","","","","","","","","","","","","","","","","","","","","","","","","","","","","","","","","","","","","","","","","","","","","","","","","","","","12.36","12.3633596228224","",
"Kyrgyz Republic","KGZ","Terrestrial protected areas (% of total land area)","ER.LND.PTLD.ZS","","","","","","","","","","","","","","","","","","","","","","","","","","","","","","","","","","","","","","","","","","","","","","","","","","","","","","","","","6.51","6.70269298312778","",
"Cambodia","KHM","Terrestrial protected areas (% of total land area)","ER.LND.PTLD.ZS","","","","","","","","","","","","","","","","","","","","","","","","","","","","","","","","","","","","","","","","","","","","","","","","","","","","","","","","","26.03","26.027716099692","",
"Kiribati","KIR","Terrestrial protected areas (% of total land area)","ER.LND.PTLD.ZS","","","","","","","","","","","","","","","","","","","","","","","","","","","","","","","","","","","","","","","","","","","","","","","","","","","","","","","","","22.37","22.3604134900276","",
"St. Kitts and Nevis","KNA","Terrestrial protected areas (% of total land area)","ER.LND.PTLD.ZS","","","","","","","","","","","","","","","","","","","","","","","","","","","","","","","","","","","","","","","","","","","","","","","","","","","","","","","","","3.32","3.3166347171568","",
"Korea, Rep.","KOR","Terrestrial protected areas (% of total land area)","ER.LND.PTLD.ZS","","","","","","","","","","","","","","","","","","","","","","","","","","","","","","","","","","","","","","","","","","","","","","","","","","","","","","","","","11.23","11.6711249951255","",
"Kuwait","KWT","Terrestrial protected areas (% of total land area)","ER.LND.PTLD.ZS","","","","","","","","","","","","","","","","","","","","","","","","","","","","","","","","","","","","","","","","","","","","","","","","","","","","","","","","","17.5","17.5006769636402","",
"Latin America & Caribbean (excluding high income)","LAC","Terrestrial protected areas (% of total land area)","ER.LND.PTLD.ZS","","","","","","","","","","","","","","","","","","","","","","","","","","","","","","","","","","","","","","","","","","","","","","","","","","","","","","","","","25.9212620645582","26.3637016460369","",
"Lao PDR","LAO","Terrestrial protected areas (% of total land area)","ER.LND.PTLD.ZS","","","","","","","","","","","","","","","","","","","","","","","","","","","","","","","","","","","","","","","","","","","","","","","","","","","","","","","","","16.68","16.6822056274146","",
"Lebanon","LBN","Terrestrial protected areas (% of total land area)","ER.LND.PTLD.ZS","","","","","","","","","","","","","","","","","","","","","","","","","","","","","","","","","","","","","","","","","","","","","","","","","","","","","","","","","2.59","2.59730862397557","",
"Liberia","LBR","Terrestrial protected areas (% of total land area)","ER.LND.PTLD.ZS","","","","","","","","","","","","","","","","","","","","","","","","","","","","","","","","","","","","","","","","","","","","","","","","","","","","","","","","","2.49","4.05131092547338","",
"Libya","LBY","Terrestrial protected areas (% of total land area)","ER.LND.PTLD.ZS","","","","","","","","","","","","","","","","","","","","","","","","","","","","","","","","","","","","","","","","","","","","","","","","","","","","","","","","","0.21","0.211847868078981","",
"St. Lucia","LCA","Terrestrial protected areas (% of total land area)","ER.LND.PTLD.ZS","","","","","","","","","","","","","","","","","","","","","","","","","","","","","","","","","","","","","","","","","","","","","","","","","","","","","","","","","18.8","18.7452095914066","",
"Latin America & Caribbean","LCN","Terrestrial protected areas (% of total land area)","ER.LND.PTLD.ZS","","","","","","","","","","","","","","","","","","","","","","","","","","","","","","","","","","","","","","","","","","","","","","","","","","","","","","","","","23.1079791685699","23.4632853785625","",
"Least developed countries: UN classification","LDC","Terrestrial protected areas (% of total land area)","ER.LND.PTLD.ZS","","","","","","","","","","","","","","","","","","","","","","","","","","","","","","","","","","","","","","","","","","","","","","","","","","","","","","","","","14.5083842818654","15.2561571109899","",
"Low income","LIC","Terrestrial protected areas (% of total land area)","ER.LND.PTLD.ZS","","","","","","","","","","","","","","","","","","","","","","","","","","","","","","","","","","","","","","","","","","","","","","","","","","","","","","","","","15.3127531341039","16.3360499557056","",
"Liechtenstein","LIE","Terrestrial protected areas (% of total land area)","ER.LND.PTLD.ZS","","","","","","","","","","","","","","","","","","","","","","","","","","","","","","","","","","","","","","","","","","","","","","","","","","","","","","","","","42.49","11.9351041815517","",
"Sri Lanka","LKA","Terrestrial protected areas (% of total land area)","ER.LND.PTLD.ZS","","","","","","","","","","","","","","","","","","","","","","","","","","","","","","","","","","","","","","","","","","","","","","","","","","","","","","","","","29.86","29.8619988979122","",
"Lower middle income","LMC","Terrestrial protected areas (% of total land area)","ER.LND.PTLD.ZS","","","","","","","","","","","","","","","","","","","","","","","","","","","","","","","","","","","","","","","","","","","","","","","","","","","","","","","","","13.27801688017","13.2737905467638","",
"Low & middle income","LMY","Terrestrial protected areas (% of total land area)","ER.LND.PTLD.ZS","","","","","","","","","","","","","","","","","","","","","","","","","","","","","","","","","","","","","","","","","","","","","","","","","","","","","","","","","14.7793576463311","14.7746502293383","",
"Lesotho","LSO","Terrestrial protected areas (% of total land area)","ER.LND.PTLD.ZS","","","","","","","","","","","","","","","","","","","","","","","","","","","","","","","","","","","","","","","","","","","","","","","","","","","","","","","","","0.26","0.261388681242792","",
"Late-demographic dividend","LTE","Terrestrial protected areas (% of total land area)","ER.LND.PTLD.ZS","","","","","","","","","","","","","","","","","","","","","","","","","","","","","","","","","","","","","","","","","","","","","","","","","","","","","","","","","15.6540368546574","15.4536936097792","",
"Lithuania","LTU","Terrestrial protected areas (% of total land area)","ER.LND.PTLD.ZS","","","","","","","","","","","","","","","","","","","","","","","","","","","","","","","","","","","","","","","","","","","","","","","","","","","","","","","","","16.94","17.0231009753366","",
"Luxembourg","LUX","Terrestrial protected areas (% of total land area)","ER.LND.PTLD.ZS","","","","","","","","","","","","","","","","","","","","","","","","","","","","","","","","","","","","","","","","","","","","","","","","","","","","","","","","","32.27","40.87274137855","",
"Latvia","LVA","Terrestrial protected areas (% of total land area)","ER.LND.PTLD.ZS","","","","","","","","","","","","","","","","","","","","","","","","","","","","","","","","","","","","","","","","","","","","","","","","","","","","","","","","","18.17","18.1713211908866","",
"Macao SAR, China","MAC","Terrestrial protected areas (% of total land area)","ER.LND.PTLD.ZS","","","","","","","","","","","","","","","","","","","","","","","","","","","","","","","","","","","","","","","","","","","","","","","","","","","","","","","","","","","",
"St. Martin (French part)","MAF","Terrestrial protected areas (% of total land area)","ER.LND.PTLD.ZS","","","","","","","","","","","","","","","","","","","","","","","","","","","","","","","","","","","","","","","","","","","","","","","","","","","","","","","","","16.78","12.77155153357","",
"Morocco","MAR","Terrestrial protected areas (% of total land area)","ER.LND.PTLD.ZS","","","","","","","","","","","","","","","","","","","","","","","","","","","","","","","","","","","","","","","","","","","","","","","","","","","","","","","","","30.81","30.7776011103996","",
"Monaco","MCO","Terrestrial protected areas (% of total land area)","ER.LND.PTLD.ZS","","","","","","","","","","","","","","","","","","","","","","","","","","","","","","","","","","","","","","","","","","","","","","","","","","","","","","","","","62.5","33.1551035825643","",
"Moldova","MDA","Terrestrial protected areas (% of total land area)","ER.LND.PTLD.ZS","","","","","","","","","","","","","","","","","","","","","","","","","","","","","","","","","","","","","","","","","","","","","","","","","","","","","","","","","4.15","4.15053454855149","",
"Madagascar","MDG","Terrestrial protected areas (% of total land area)","ER.LND.PTLD.ZS","","","","","","","","","","","","","","","","","","","","","","","","","","","","","","","","","","","","","","","","","","","","","","","","","","","","","","","","","5.25","5.58955631461027","",
"Maldives","MDV","Terrestrial protected areas (% of total land area)","ER.LND.PTLD.ZS","","","","","","","","","","","","","","","","","","","","","","","","","","","","","","","","","","","","","","","","","","","","","","","","","","","","","","","","","0.98","1.20909567705006","",
"Middle East & North Africa","MEA","Terrestrial protected areas (% of total land area)","ER.LND.PTLD.ZS","","","","","","","","","","","","","","","","","","","","","","","","","","","","","","","","","","","","","","","","","","","","","","","","","","","","","","","","","6.58900455972482","6.71687982038408","",
"Mexico","MEX","Terrestrial protected areas (% of total land area)","ER.LND.PTLD.ZS","","","","","","","","","","","","","","","","","","","","","","","","","","","","","","","","","","","","","","","","","","","","","","","","","","","","","","","","","14.27","14.5005326014623","",
"Marshall Islands","MHL","Terrestrial protected areas (% of total land area)","ER.LND.PTLD.ZS","","","","","","","","","","","","","","","","","","","","","","","","","","","","","","","","","","","","","","","","","","","","","","","","","","","","","","","","","12.06","11.9157086072553","",
"Middle income","MIC","Terrestrial protected areas (% of total land area)","ER.LND.PTLD.ZS","","","","","","","","","","","","","","","","","","","","","","","","","","","","","","","","","","","","","","","","","","","","","","","","","","","","","","","","","14.6781941404961","14.4914112323286","",
"North Macedonia","MKD","Terrestrial protected areas (% of total land area)","ER.LND.PTLD.ZS","","","","","","","","","","","","","","","","","","","","","","","","","","","","","","","","","","","","","","","","","","","","","","","","","","","","","","","","","9.65","9.65406515792627","",
"Mali","MLI","Terrestrial protected areas (% of total land area)","ER.LND.PTLD.ZS","","","","","","","","","","","","","","","","","","","","","","","","","","","","","","","","","","","","","","","","","","","","","","","","","","","","","","","","","8.23","8.23161005507261","",
"Malta","MLT","Terrestrial protected areas (% of total land area)","ER.LND.PTLD.ZS","","","","","","","","","","","","","","","","","","","","","","","","","","","","","","","","","","","","","","","","","","","","","","","","","","","","","","","","","23.69","30.2863758326223","",
"Myanmar","MMR","Terrestrial protected areas (% of total land area)","ER.LND.PTLD.ZS","","","","","","","","","","","","","","","","","","","","","","","","","","","","","","","","","","","","","","","","","","","","","","","","","","","","","","","","","7.17","6.37050102009697","",
"Middle East & North Africa (excluding high income)","MNA","Terrestrial protected areas (% of total land area)","ER.LND.PTLD.ZS","","","","","","","","","","","","","","","","","","","","","","","","","","","","","","","","","","","","","","","","","","","","","","","","","","","","","","","","","7.17191154963517","7.17069129796685","",
"Montenegro","MNE","Terrestrial protected areas (% of total land area)","ER.LND.PTLD.ZS","","","","","","","","","","","","","","","","","","","","","","","","","","","","","","","","","","","","","","","","","","","","","","","","","","","","","","","","","4.06","6.40071102866758","",
"Mongolia","MNG","Terrestrial protected areas (% of total land area)","ER.LND.PTLD.ZS","","","","","","","","","","","","","","","","","","","","","","","","","","","","","","","","","","","","","","","","","","","","","","","","","","","","","","","","","17.4","17.7138825654778","",
"Northern Mariana Islands","MNP","Terrestrial protected areas (% of total land area)","ER.LND.PTLD.ZS","","","","","","","","","","","","","","","","","","","","","","","","","","","","","","","","","","","","","","","","","","","","","","","","","","","","","","","","","7.58","7.6694498339144","",
"Mozambique","MOZ","Terrestrial protected areas (% of total land area)","ER.LND.PTLD.ZS","","","","","","","","","","","","","","","","","","","","","","","","","","","","","","","","","","","","","","","","","","","","","","","","","","","","","","","","","21.59","21.5932282429122","",
"Mauritania","MRT","Terrestrial protected areas (% of total land area)","ER.LND.PTLD.ZS","","","","","","","","","","","","","","","","","","","","","","","","","","","","","","","","","","","","","","","","","","","","","","","","","","","","","","","","","0.62","0.621988213831289","",
"Mauritius","MUS","Terrestrial protected areas (% of total land area)","ER.LND.PTLD.ZS","","","","","","","","","","","","","","","","","","","","","","","","","","","","","","","","","","","","","","","","","","","","","","","","","","","","","","","","","4.75","4.7253888127124","",
"Malawi","MWI","Terrestrial protected areas (% of total land area)","ER.LND.PTLD.ZS","","","","","","","","","","","","","","","","","","","","","","","","","","","","","","","","","","","","","","","","","","","","","","","","","","","","","","","","","16.89","22.8760477102777","",
"Malaysia","MYS","Terrestrial protected areas (% of total land area)","ER.LND.PTLD.ZS","","","","","","","","","","","","","","","","","","","","","","","","","","","","","","","","","","","","","","","","","","","","","","","","","","","","","","","","","19.14","19.1193165594385","",
"North America","NAC","Terrestrial protected areas (% of total land area)","ER.LND.PTLD.ZS","","","","","","","","","","","","","","","","","","","","","","","","","","","","","","","","","","","","","","","","","","","","","","","","","","","","","","","","","11.3160695886626","11.3249365474173","",
"Namibia","NAM","Terrestrial protected areas (% of total land area)","ER.LND.PTLD.ZS","","","","","","","","","","","","","","","","","","","","","","","","","","","","","","","","","","","","","","","","","","","","","","","","","","","","","","","","","37.89","37.8909310253112","",
"New Caledonia","NCL","Terrestrial protected areas (% of total land area)","ER.LND.PTLD.ZS","","","","","","","","","","","","","","","","","","","","","","","","","","","","","","","","","","","","","","","","","","","","","","","","","","","","","","","","","54.41","54.4041576282141","",
"Niger","NER","Terrestrial protected areas (% of total land area)","ER.LND.PTLD.ZS","","","","","","","","","","","","","","","","","","","","","","","","","","","","","","","","","","","","","","","","","","","","","","","","","","","","","","","","","17.32","17.3170925189084","",
"Nigeria","NGA","Terrestrial protected areas (% of total land area)","ER.LND.PTLD.ZS","","","","","","","","","","","","","","","","","","","","","","","","","","","","","","","","","","","","","","","","","","","","","","","","","","","","","","","","","13.93","13.9295836103116","",
"Nicaragua","NIC","Terrestrial protected areas (% of total land area)","ER.LND.PTLD.ZS","","","","","","","","","","","","","","","","","","","","","","","","","","","","","","","","","","","","","","","","","","","","","","","","","","","","","","","","","37.23","37.2258679264252","",
"Netherlands","NLD","Terrestrial protected areas (% of total land area)","ER.LND.PTLD.ZS","","","","","","","","","","","","","","","","","","","","","","","","","","","","","","","","","","","","","","","","","","","","","","","","","","","","","","","","","11.33","11.2437344510112","",
"Norway","NOR","Terrestrial protected areas (% of total land area)","ER.LND.PTLD.ZS","","","","","","","","","","","","","","","","","","","","","","","","","","","","","","","","","","","","","","","","","","","","","","","","","","","","","","","","","16.97","17.1064928744818","",
"Nepal","NPL","Terrestrial protected areas (% of total land area)","ER.LND.PTLD.ZS","","","","","","","","","","","","","","","","","","","","","","","","","","","","","","","","","","","","","","","","","","","","","","","","","","","","","","","","","23.63","23.6260419833246","",
"Nauru","NRU","Terrestrial protected areas (% of total land area)","ER.LND.PTLD.ZS","","","","","","","","","","","","","","","","","","","","","","","","","","","","","","","","","","","","","","","","","","","","","","","","","","","","","","","","","","","",
"New Zealand","NZL","Terrestrial protected areas (% of total land area)","ER.LND.PTLD.ZS","","","","","","","","","","","","","","","","","","","","","","","","","","","","","","","","","","","","","","","","","","","","","","","","","","","","","","","","","32.55","32.5452558558454","",
"OECD members","OED","Terrestrial protected areas (% of total land area)","ER.LND.PTLD.ZS","","","","","","","","","","","","","","","","","","","","","","","","","","","","","","","","","","","","","","","","","","","","","","","","","","","","","","","","","14.480550749942","15.1036420099495","",
"Oman","OMN","Terrestrial protected areas (% of total land area)","ER.LND.PTLD.ZS","","","","","","","","","","","","","","","","","","","","","","","","","","","","","","","","","","","","","","","","","","","","","","","","","","","","","","","","","2.57","2.5727331813508","",
"Other small states","OSS","Terrestrial protected areas (% of total land area)","ER.LND.PTLD.ZS","","","","","","","","","","","","","","","","","","","","","","","","","","","","","","","","","","","","","","","","","","","","","","","","","","","","","","","","","29.0681652026024","29.4817331207628","",
"Pakistan","PAK","Terrestrial protected areas (% of total land area)","ER.LND.PTLD.ZS","","","","","","","","","","","","","","","","","","","","","","","","","","","","","","","","","","","","","","","","","","","","","","","","","","","","","","","","","12.31","12.3145852779876","",
"Panama","PAN","Terrestrial protected areas (% of total land area)","ER.LND.PTLD.ZS","","","","","","","","","","","","","","","","","","","","","","","","","","","","","","","","","","","","","","","","","","","","","","","","","","","","","","","","","20.89","20.8919399833618","",
"Peru","PER","Terrestrial protected areas (% of total land area)","ER.LND.PTLD.ZS","","","","","","","","","","","","","","","","","","","","","","","","","","","","","","","","","","","","","","","","","","","","","","","","","","","","","","","","","21.27","21.3141727885924","",
"Philippines","PHL","Terrestrial protected areas (% of total land area)","ER.LND.PTLD.ZS","","","","","","","","","","","","","","","","","","","","","","","","","","","","","","","","","","","","","","","","","","","","","","","","","","","","","","","","","15.32","15.3166593209145","",
"Palau","PLW","Terrestrial protected areas (% of total land area)","ER.LND.PTLD.ZS","","","","","","","","","","","","","","","","","","","","","","","","","","","","","","","","","","","","","","","","","","","","","","","","","","","","","","","","","27.94","28.0001910270941","",
"Papua New Guinea","PNG","Terrestrial protected areas (% of total land area)","ER.LND.PTLD.ZS","","","","","","","","","","","","","","","","","","","","","","","","","","","","","","","","","","","","","","","","","","","","","","","","","","","","","","","","","3.07","3.06592990438946","",
"Poland","POL","Terrestrial protected areas (% of total land area)","ER.LND.PTLD.ZS","","","","","","","","","","","","","","","","","","","","","","","","","","","","","","","","","","","","","","","","","","","","","","","","","","","","","","","","","39.62","39.6501395273886","",
"Pre-demographic dividend","PRE","Terrestrial protected areas (% of total land area)","ER.LND.PTLD.ZS","","","","","","","","","","","","","","","","","","","","","","","","","","","","","","","","","","","","","","","","","","","","","","","","","","","","","","","","","14.9645228294427","15.7641492003066","",
"Puerto Rico","PRI","Terrestrial protected areas (% of total land area)","ER.LND.PTLD.ZS","","","","","","","","","","","","","","","","","","","","","","","","","","","","","","","","","","","","","","","","","","","","","","","","","","","","","","","","","7.44","7.26916490580618","",
"Korea, Dem. People’s Rep.","PRK","Terrestrial protected areas (% of total land area)","ER.LND.PTLD.ZS","","","","","","","","","","","","","","","","","","","","","","","","","","","","","","","","","","","","","","","","","","","","","","","","","","","","","","","","","2.44","2.43534150328306","",
"Portugal","PRT","Terrestrial protected areas (% of total land area)","ER.LND.PTLD.ZS","","","","","","","","","","","","","","","","","","","","","","","","","","","","","","","","","","","","","","","","","","","","","","","","","","","","","","","","","22.96","22.9011800781885","",
"Paraguay","PRY","Terrestrial protected areas (% of total land area)","ER.LND.PTLD.ZS","","","","","","","","","","","","","","","","","","","","","","","","","","","","","","","","","","","","","","","","","","","","","","","","","","","","","","","","","6.51","14.3147360800329","",
"West Bank and Gaza","PSE","Terrestrial protected areas (% of total land area)","ER.LND.PTLD.ZS","","","","","","","","","","","","","","","","","","","","","","","","","","","","","","","","","","","","","","","","","","","","","","","","","","","","","","","","","","8.3592518432039","",
"Pacific island small states","PSS","Terrestrial protected areas (% of total land area)","ER.LND.PTLD.ZS","","","","","","","","","","","","","","","","","","","","","","","","","","","","","","","","","","","","","","","","","","","","","","","","","","","","","","","","","4.31602026715799","4.29880205732725","",
"Post-demographic dividend","PST","Terrestrial protected areas (% of total land area)","ER.LND.PTLD.ZS","","","","","","","","","","","","","","","","","","","","","","","","","","","","","","","","","","","","","","","","","","","","","","","","","","","","","","","","","14.317534407381","14.9780646822044","",
"French Polynesia","PYF","Terrestrial protected areas (% of total land area)","ER.LND.PTLD.ZS","","","","","","","","","","","","","","","","","","","","","","","","","","","","","","","","","","","","","","","","","","","","","","","","","","","","","","","","","1.96","1.95319459774213","",
"Qatar","QAT","Terrestrial protected areas (% of total land area)","ER.LND.PTLD.ZS","","","","","","","","","","","","","","","","","","","","","","","","","","","","","","","","","","","","","","","","","","","","","","","","","","","","","","","","","2.45","13.2292354317909","",
"Romania","ROU","Terrestrial protected areas (% of total land area)","ER.LND.PTLD.ZS","","","","","","","","","","","","","","","","","","","","","","","","","","","","","","","","","","","","","","","","","","","","","","","","","","","","","","","","","24.35","24.461867500098","",
"Russian Federation","RUS","Terrestrial protected areas (% of total land area)","ER.LND.PTLD.ZS","","","","","","","","","","","","","","","","","","","","","","","","","","","","","","","","","","","","","","","","","","","","","","","","","","","","","","","","","9.72","9.72691481458987","",
"Rwanda","RWA","Terrestrial protected areas (% of total land area)","ER.LND.PTLD.ZS","","","","","","","","","","","","","","","","","","","","","","","","","","","","","","","","","","","","","","","","","","","","","","","","","","","","","","","","","9.12","9.11408907313889","",
"South Asia","SAS","Terrestrial protected areas (% of total land area)","ER.LND.PTLD.ZS","","","","","","","","","","","","","","","","","","","","","","","","","","","","","","","","","","","","","","","","","","","","","","","","","","","","","","","","","7.2928776668538","7.29175224126045","",
"Saudi Arabia","SAU","Terrestrial protected areas (% of total land area)","ER.LND.PTLD.ZS","","","","","","","","","","","","","","","","","","","","","","","","","","","","","","","","","","","","","","","","","","","","","","","","","","","","","","","","","4.33","4.76012714075407","",
"Sudan","SDN","Terrestrial protected areas (% of total land area)","ER.LND.PTLD.ZS","","","","","","","","","","","","","","","","","","","","","","","","","","","","","","","","","","","","","","","","","","","","","","","","","","","","","","","","","2.28","2.28176318372903","",
"Senegal","SEN","Terrestrial protected areas (% of total land area)","ER.LND.PTLD.ZS","","","","","","","","","","","","","","","","","","","","","","","","","","","","","","","","","","","","","","","","","","","","","","","","","","","","","","","","","25.21","25.3527742991175","",
"Singapore","SGP","Terrestrial protected areas (% of total land area)","ER.LND.PTLD.ZS","","","","","","","","","","","","","","","","","","","","","","","","","","","","","","","","","","","","","","","","","","","","","","","","","","","","","","","","","5.62","5.55455982847758","",
"Solomon Islands","SLB","Terrestrial protected areas (% of total land area)","ER.LND.PTLD.ZS","","","","","","","","","","","","","","","","","","","","","","","","","","","","","","","","","","","","","","","","","","","","","","","","","","","","","","","","","2.21","2.21026612316804","",
"Sierra Leone","SLE","Terrestrial protected areas (% of total land area)","ER.LND.PTLD.ZS","","","","","","","","","","","","","","","","","","","","","","","","","","","","","","","","","","","","","","","","","","","","","","","","","","","","","","","","","9.39","9.38631962647526","",
"El Salvador","SLV","Terrestrial protected areas (% of total land area)","ER.LND.PTLD.ZS","","","","","","","","","","","","","","","","","","","","","","","","","","","","","","","","","","","","","","","","","","","","","","","","","","","","","","","","","8.78","8.77628667233756","",
"San Marino","SMR","Terrestrial protected areas (% of total land area)","ER.LND.PTLD.ZS","","","","","","","","","","","","","","","","","","","","","","","","","","","","","","","","","","","","","","","","","","","","","","","","","","","","","","","","","","","",
"Somalia","SOM","Terrestrial protected areas (% of total land area)","ER.LND.PTLD.ZS","","","","","","","","","","","","","","","","","","","","","","","","","","","","","","","","","","","","","","","","","","","","","","","","","","","","","","","","","0.83","","",
"Serbia","SRB","Terrestrial protected areas (% of total land area)","ER.LND.PTLD.ZS","","","","","","","","","","","","","","","","","","","","","","","","","","","","","","","","","","","","","","","","","","","","","","","","","","","","","","","","","6.15","6.61310734024645","",
"Sub-Saharan Africa (excluding high income)","SSA","Terrestrial protected areas (% of total land area)","ER.LND.PTLD.ZS","","","","","","","","","","","","","","","","","","","","","","","","","","","","","","","","","","","","","","","","","","","","","","","","","","","","","","","","","17.3051380086474","17.7147151420026","",
"South Sudan","SSD","Terrestrial protected areas (% of total land area)","ER.LND.PTLD.ZS","","","","","","","","","","","","","","","","","","","","","","","","","","","","","","","","","","","","","","","","","","","","","","","","","","","","","","","","","15.5","15.5015012515745","",
"Sub-Saharan Africa","SSF","Terrestrial protected areas (% of total land area)","ER.LND.PTLD.ZS","","","","","","","","","","","","","","","","","","","","","","","","","","","","","","","","","","","","","","","","","","","","","","","","","","","","","","","","","17.3056622983156","17.7152462117809","",
"Small states","SST","Terrestrial protected areas (% of total land area)","ER.LND.PTLD.ZS","","","","","","","","","","","","","","","","","","","","","","","","","","","","","","","","","","","","","","","","","","","","","","","","","","","","","","","","","25.8351793164659","26.1969162037956","",
"Sao Tome and Principe","STP","Terrestrial protected areas (% of total land area)","ER.LND.PTLD.ZS","","","","","","","","","","","","","","","","","","","","","","","","","","","","","","","","","","","","","","","","","","","","","","","","","","","","","","","","","29.21","29.2559098318401","",
"Suriname","SUR","Terrestrial protected areas (% of total land area)","ER.LND.PTLD.ZS","","","","","","","","","","","","","","","","","","","","","","","","","","","","","","","","","","","","","","","","","","","","","","","","","","","","","","","","","14.52","14.5201387866369","",
"Slovak Republic","SVK","Terrestrial protected areas (% of total land area)","ER.LND.PTLD.ZS","","","","","","","","","","","","","","","","","","","","","","","","","","","","","","","","","","","","","","","","","","","","","","","","","","","","","","","","","37.28","37.6304133373472","",
"Slovenia","SVN","Terrestrial protected areas (% of total land area)","ER.LND.PTLD.ZS","","","","","","","","","","","","","","","","","","","","","","","","","","","","","","","","","","","","","","","","","","","","","","","","","","","","","","","","","53.64","53.6229604410885","",
"Sweden","SWE","Terrestrial protected areas (% of total land area)","ER.LND.PTLD.ZS","","","","","","","","","","","","","","","","","","","","","","","","","","","","","","","","","","","","","","","","","","","","","","","","","","","","","","","","","14.47","14.8820274643842","",
"Eswatini","SWZ","Terrestrial protected areas (% of total land area)","ER.LND.PTLD.ZS","","","","","","","","","","","","","","","","","","","","","","","","","","","","","","","","","","","","","","","","","","","","","","","","","","","","","","","","","4.1","4.23300820628733","",
"Sint Maarten (Dutch part)","SXM","Terrestrial protected areas (% of total land area)","ER.LND.PTLD.ZS","","","","","","","","","","","","","","","","","","","","","","","","","","","","","","","","","","","","","","","","","","","","","","","","","","","","","","","","","","0.000372593988169995","",
"Seychelles","SYC","Terrestrial protected areas (% of total land area)","ER.LND.PTLD.ZS","","","","","","","","","","","","","","","","","","","","","","","","","","","","","","","","","","","","","","","","","","","","","","","","","","","","","","","","","42.1","42.0940459472333","",
"Syrian Arab Republic","SYR","Terrestrial protected areas (% of total land area)","ER.LND.PTLD.ZS","","","","","","","","","","","","","","","","","","","","","","","","","","","","","","","","","","","","","","","","","","","","","","","","","","","","","","","","","0.69","0.685302813189004","",
"Turks and Caicos Islands","TCA","Terrestrial protected areas (% of total land area)","ER.LND.PTLD.ZS","","","","","","","","","","","","","","","","","","","","","","","","","","","","","","","","","","","","","","","","","","","","","","","","","","","","","","","","","44.39","44.3674254967153","",
"Chad","TCD","Terrestrial protected areas (% of total land area)","ER.LND.PTLD.ZS","","","","","","","","","","","","","","","","","","","","","","","","","","","","","","","","","","","","","","","","","","","","","","","","","","","","","","","","","20.35","20.3544358034532","",
"East Asia & Pacific (IDA & IBRD countries)","TEA","Terrestrial protected areas (% of total land area)","ER.LND.PTLD.ZS","","","","","","","","","","","","","","","","","","","","","","","","","","","","","","","","","","","","","","","","","","","","","","","","","","","","","","","","","15.5860733969661","14.6516737091971","",
"Europe & Central Asia (IDA & IBRD countries)","TEC","Terrestrial protected areas (% of total land area)","ER.LND.PTLD.ZS","","","","","","","","","","","","","","","","","","","","","","","","","","","","","","","","","","","","","","","","","","","","","","","","","","","","","","","","","9.02259134100584","9.03750653997256","",
"Togo","TGO","Terrestrial protected areas (% of total land area)","ER.LND.PTLD.ZS","","","","","","","","","","","","","","","","","","","","","","","","","","","","","","","","","","","","","","","","","","","","","","","","","","","","","","","","","27.62","27.621242705615","",
"Thailand","THA","Terrestrial protected areas (% of total land area)","ER.LND.PTLD.ZS","","","","","","","","","","","","","","","","","","","","","","","","","","","","","","","","","","","","","","","","","","","","","","","","","","","","","","","","","18.81","18.8091720900762","",
"Tajikistan","TJK","Terrestrial protected areas (% of total land area)","ER.LND.PTLD.ZS","","","","","","","","","","","","","","","","","","","","","","","","","","","","","","","","","","","","","","","","","","","","","","","","","","","","","","","","","22.28","22.2786610881726","",
"Turkmenistan","TKM","Terrestrial protected areas (% of total land area)","ER.LND.PTLD.ZS","","","","","","","","","","","","","","","","","","","","","","","","","","","","","","","","","","","","","","","","","","","","","","","","","","","","","","","","","3.25","3.24826224726187","",
"Latin America & the Caribbean (IDA & IBRD countries)","TLA","Terrestrial protected areas (% of total land area)","ER.LND.PTLD.ZS","","","","","","","","","","","","","","","","","","","","","","","","","","","","","","","","","","","","","","","","","","","","","","","","","","","","","","","","","23.145066974886","23.4989860214713","",
"Timor-Leste","TLS","Terrestrial protected areas (% of total land area)","ER.LND.PTLD.ZS","","","","","","","","","","","","","","","","","","","","","","","","","","","","","","","","","","","","","","","","","","","","","","","","","","","","","","","","","13.05","13.0574664834943","",
"Middle East & North Africa (IDA & IBRD countries)","TMN","Terrestrial protected areas (% of total land area)","ER.LND.PTLD.ZS","","","","","","","","","","","","","","","","","","","","","","","","","","","","","","","","","","","","","","","","","","","","","","","","","","","","","","","","","7.17191154963517","7.1698753598314","",
"Tonga","TON","Terrestrial protected areas (% of total land area)","ER.LND.PTLD.ZS","","","","","","","","","","","","","","","","","","","","","","","","","","","","","","","","","","","","","","","","","","","","","","","","","","","","","","","","","15.92","15.9127902459233","",
"South Asia (IDA & IBRD)","TSA","Terrestrial protected areas (% of total land area)","ER.LND.PTLD.ZS","","","","","","","","","","","","","","","","","","","","","","","","","","","","","","","","","","","","","","","","","","","","","","","","","","","","","","","","","7.2928776668538","7.29175224126045","",
"Sub-Saharan Africa (IDA & IBRD countries)","TSS","Terrestrial protected areas (% of total land area)","ER.LND.PTLD.ZS","","","","","","","","","","","","","","","","","","","","","","","","","","","","","","","","","","","","","","","","","","","","","","","","","","","","","","","","","17.3056622983155","17.7152462117809","",
"Trinidad and Tobago","TTO","Terrestrial protected areas (% of total land area)","ER.LND.PTLD.ZS","","","","","","","","","","","","","","","","","","","","","","","","","","","","","","","","","","","","","","","","","","","","","","","","","","","","","","","","","30.6","30.5928101253097","",
"Tunisia","TUN","Terrestrial protected areas (% of total land area)","ER.LND.PTLD.ZS","","","","","","","","","","","","","","","","","","","","","","","","","","","","","","","","","","","","","","","","","","","","","","","","","","","","","","","","","7.91","7.91467724685807","",
"Turkey","TUR","Terrestrial protected areas (% of total land area)","ER.LND.PTLD.ZS","","","","","","","","","","","","","","","","","","","","","","","","","","","","","","","","","","","","","","","","","","","","","","","","","","","","","","","","","0.22","0.218488653218068","",
"Tuvalu","TUV","Terrestrial protected areas (% of total land area)","ER.LND.PTLD.ZS","","","","","","","","","","","","","","","","","","","","","","","","","","","","","","","","","","","","","","","","","","","","","","","","","","","","","","","","","2.39","1.95194115592284","",
"Tanzania","TZA","Terrestrial protected areas (% of total land area)","ER.LND.PTLD.ZS","","","","","","","","","","","","","","","","","","","","","","","","","","","","","","","","","","","","","","","","","","","","","","","","","","","","","","","","","38.12","38.1455762725252","",
"Uganda","UGA","Terrestrial protected areas (% of total land area)","ER.LND.PTLD.ZS","","","","","","","","","","","","","","","","","","","","","","","","","","","","","","","","","","","","","","","","","","","","","","","","","","","","","","","","","16.06","16.0639496289362","",
"Ukraine","UKR","Terrestrial protected areas (% of total land area)","ER.LND.PTLD.ZS","","","","","","","","","","","","","","","","","","","","","","","","","","","","","","","","","","","","","","","","","","","","","","","","","","","","","","","","","3.96","3.98675314313722","",
"Upper middle income","UMC","Terrestrial protected areas (% of total land area)","ER.LND.PTLD.ZS","","","","","","","","","","","","","","","","","","","","","","","","","","","","","","","","","","","","","","","","","","","","","","","","","","","","","","","","","15.1790074895314","14.9270566868342","",
"Uruguay","URY","Terrestrial protected areas (% of total land area)","ER.LND.PTLD.ZS","","","","","","","","","","","","","","","","","","","","","","","","","","","","","","","","","","","","","","","","","","","","","","","","","","","","","","","","","3.5","3.44620192299909","",
"United States","USA","Terrestrial protected areas (% of total land area)","ER.LND.PTLD.ZS","","","","","","","","","","","","","","","","","","","","","","","","","","","","","","","","","","","","","","","","","","","","","","","","","","","","","","","","","12.97","12.9938720224773","",
"Uzbekistan","UZB","Terrestrial protected areas (% of total land area)","ER.LND.PTLD.ZS","","","","","","","","","","","","","","","","","","","","","","","","","","","","","","","","","","","","","","","","","","","","","","","","","","","","","","","","","3.38","3.37521371527249","",
"St. Vincent and the Grenadines","VCT","Terrestrial protected areas (% of total land area)","ER.LND.PTLD.ZS","","","","","","","","","","","","","","","","","","","","","","","","","","","","","","","","","","","","","","","","","","","","","","","","","","","","","","","","","22.44","22.4196222232063","",
"Venezuela, RB","VEN","Terrestrial protected areas (% of total land area)","ER.LND.PTLD.ZS","","","","","","","","","","","","","","","","","","","","","","","","","","","","","","","","","","","","","","","","","","","","","","","","","","","","","","","","","54.14","54.1441744357702","",
"British Virgin Islands","VGB","Terrestrial protected areas (% of total land area)","ER.LND.PTLD.ZS","","","","","","","","","","","","","","","","","","","","","","","","","","","","","","","","","","","","","","","","","","","","","","","","","","","","","","","","","8.54","9.10881468166607","",
"Virgin Islands (U.S.)","VIR","Terrestrial protected areas (% of total land area)","ER.LND.PTLD.ZS","","","","","","","","","","","","","","","","","","","","","","","","","","","","","","","","","","","","","","","","","","","","","","","","","","","","","","","","","14.64","13.7945741945059","",
"Vietnam","VNM","Terrestrial protected areas (% of total land area)","ER.LND.PTLD.ZS","","","","","","","","","","","","","","","","","","","","","","","","","","","","","","","","","","","","","","","","","","","","","","","","","","","","","","","","","7.58","7.57677987501149","",
"Vanuatu","VUT","Terrestrial protected areas (% of total land area)","ER.LND.PTLD.ZS","","","","","","","","","","","","","","","","","","","","","","","","","","","","","","","","","","","","","","","","","","","","","","","","","","","","","","","","","4.2","4.20053186765401","",
"World","WLD","Terrestrial protected areas (% of total land area)","ER.LND.PTLD.ZS","","","","","","","","","","","","","","","","","","","","","","","","","","","","","","","","","","","","","","","","","","","","","","","","","","","","","","","","","14.5565628974619","14.7321434538054","",
"Samoa","WSM","Terrestrial protected areas (% of total land area)","ER.LND.PTLD.ZS","","","","","","","","","","","","","","","","","","","","","","","","","","","","","","","","","","","","","","","","","","","","","","","","","","","","","","","","","6.77","7.34958500166056","",
"Kosovo","XKX","Terrestrial protected areas (% of total land area)","ER.LND.PTLD.ZS","","","","","","","","","","","","","","","","","","","","","","","","","","","","","","","","","","","","","","","","","","","","","","","","","","","","","","","","","","","",
"Yemen, Rep.","YEM","Terrestrial protected areas (% of total land area)","ER.LND.PTLD.ZS","","","","","","","","","","","","","","","","","","","","","","","","","","","","","","","","","","","","","","","","","","","","","","","","","","","","","","","","","0.77","0.771943980228183","",
"South Africa","ZAF","Terrestrial protected areas (% of total land area)","ER.LND.PTLD.ZS","","","","","","","","","","","","","","","","","","","","","","","","","","","","","","","","","","","","","","","","","","","","","","","","","","","","","","","","","14.13","7.99816492065785","",
"Zambia","ZMB","Terrestrial protected areas (% of total land area)","ER.LND.PTLD.ZS","","","","","","","","","","","","","","","","","","","","","","","","","","","","","","","","","","","","","","","","","","","","","","","","","","","","","","","","","38.05","37.8700104508234","",
"Zimbabwe","ZWE","Terrestrial protected areas (% of total land area)","ER.LND.PTLD.ZS","","","","","","","","","","","","","","","","","","","","","","","","","","","","","","","","","","","","","","","","","","","","","","","","","","","","","","","","","27.21","27.2145851759138","",
